{
  "session_id": "20260123_220855",
  "start_time": 1769177335.714609,
  "end_time": 1769177394.8549294,
  "total_gaze_records": 386,
  "total_fixations": 16,
  "total_transitions": 2,
  "total_blinks": 0,
  "total_tasks": 0
}